<?xml version="1.0" encoding="UTF-8"?>
<project-private xmlns="http://www.netbeans.org/ns/project-private/1">
    <editor-bookmarks xmlns="http://www.netbeans.org/ns/editor-bookmarks/2" lastBookmarkId="0"/>
    <open-files xmlns="http://www.netbeans.org/ns/projectui-open-files/2">
        <group>
            <file>file:/C:/Users/Aditia%20Farhan/Documents/check-math/UI%20ver%2015%20Mei%202017/UI/src/UI/Option.java</file>
            <file>file:/C:/Users/Aditia%20Farhan/Documents/check-math/UI%20ver%2015%20Mei%202017/UI/src/UI/Player.java</file>
            <file>file:/C:/Users/Aditia%20Farhan/Documents/check-math/UI%20ver%2015%20Mei%202017/UI/src/UI/Ui_soal_sd.java</file>
            <file>file:/C:/Users/Aditia%20Farhan/Documents/check-math/UI%20ver%2015%20Mei%202017/UI/src/UI/inputnamaawal.java</file>
            <file>file:/C:/Users/Aditia%20Farhan/Documents/check-math/UI%20ver%2015%20Mei%202017/UI/src/UI/Soalll.java</file>
            <file>file:/C:/Users/Aditia%20Farhan/Documents/check-math/UI%20ver%2015%20Mei%202017/UI/src/UI/inputsoal.java</file>
            <file>file:/C:/Users/Aditia%20Farhan/Documents/check-math/UI%20ver%2015%20Mei%202017/UI/src/UI/KumpulanHighScore.java</file>
            <file>file:/C:/Users/Aditia%20Farhan/Documents/check-math/UI%20ver%2015%20Mei%202017/UI/src/UI/Launcer.java</file>
            <file>file:/C:/Users/Aditia%20Farhan/Documents/check-math/UI%20ver%2015%20Mei%202017/UI/src/UI/MainMenu.java</file>
        </group>
    </open-files>
</project-private>
